{"cameraMode":{"drawMode":0,"name":"Shaded","section":"Shading Mode"},"sceneLighting":true,"audioPlay":false,"sceneViewState":{"m_AlwaysRefresh":false,"showFog":true,"showSkybox":true,"showFlares":true,"showImageEffects":true,"showParticleSystems":true,"showVisualEffectGraphs":true,"m_FxEnabled":true},"in2DMode":false,"pivot":{"x":-0.32722365856170657,"y":1.8385522365570069,"z":1.2942124605178834},"rotation":{"x":-0.0349377803504467,"y":-0.24017301201820374,"z":0.008649397641420365,"w":-0.9700660705566406},"size":2.1471428871154787,"orthographic":true}